L,V,E,proba
0.0001,5.644444444444444,0.1,0.9999984070236825
0.0001,11.188888888888888,0.1,0.9999937404814594
0.0001,16.733333333333334,0.1,0.9999859999752165
0.0001,22.27777777777778,0.1,0.999975185645207
0.0001,27.822222222222223,0.1,0.9999612976901019
0.0001,33.36666666666667,0.1,0.9999443363655434
0.0001,38.91111111111111,0.1,0.999924301983926
0.0001,44.455555555555556,0.1,0.999901194914327
0.0001,50.0,0.1,0.999875015582474
0.0001,5.644444444444444,1.2000000000000002,0.9999998685266327
0.0001,11.188888888888888,1.2000000000000002,0.9999994790135883
0.0001,16.733333333333334,1.2000000000000002,0.9999988337463331
0.0001,22.27777777777778,1.2000000000000002,0.9999979324130818
0.0001,27.822222222222223,1.2000000000000002,0.9999967749517422
0.0001,33.36666666666667,1.2000000000000002,0.9999953613427881
0.0001,38.91111111111111,1.2000000000000002,0.9999936915792147
0.0001,44.455555555555556,1.2000000000000002,0.9999917656589744
0.0001,50.0,1.2000000000000002,0.9999895835824472
0.0001,5.644444444444444,2.3000000000000003,0.9999999354256939
0.0001,11.188888888888888,2.3000000000000003,0.9999997302091512
0.0001,16.733333333333334,2.3000000000000003,0.9999993928756734
0.0001,22.27777777777778,2.3000000000000003,0.9999989222765979
0.0001,27.822222222222223,2.3000000000000003,0.9999983181792008
0.0001,33.36666666666667,2.3000000000000003,0.9999975805057895
0.0001,38.91111111111111,2.3000000000000003,0.9999967092233285
0.0001,44.455555555555556,2.3000000000000003,0.9999957043156575
0.0001,50.0,2.3000000000000003,0.9999945657741941
0.0001,5.644444444444444,3.4000000000000004,0.9999999633875802
0.0001,11.188888888888888,3.4000000000000004,0.999999821061105
0.0001,16.733333333333334,3.4000000000000004,0.9999995916830717
0.0001,22.27777777777778,3.4000000000000004,0.9999992727429179
0.0001,27.822222222222223,3.4000000000000004,0.9999988637314504
0.0001,33.36666666666667,3.4000000000000004,0.9999983644780799
0.0001,38.91111111111111,3.4000000000000004,0.9999977749096144
0.0001,44.455555555555556,3.4000000000000004,0.9999970949895544
0.0001,50.0,3.4000000000000004,0.9999963246977779
0.0001,5.644444444444444,4.5,0.9999999825382665
0.0001,11.188888888888888,4.5,0.9999998699477954
0.0001,16.733333333333334,4.5,0.9999996949348156
0.0001,22.27777777777778,4.5,0.9999994531013638
0.0001,27.822222222222223,4.5,0.9999991435552783
0.0001,33.36666666666667,4.5,0.9999987659974794
0.0001,38.91111111111111,4.5,0.999998320299445
0.0001,44.455555555555556,4.5,0.9999978063968724
0.0001,50.0,4.5,0.999997224254085
0.0001,5.644444444444444,5.6,0.9999999993333193
0.0001,11.188888888888888,5.6,0.9999999022360204
0.0001,16.733333333333334,5.6,0.9999997593665897
0.0001,22.27777777777778,5.6,0.9999995639140967
0.0001,27.822222222222223,5.6,0.9999993144968214
0.0001,33.36666666666667,5.6,0.9999990106514856
0.0001,38.91111111111111,5.6,0.9999986521789218
0.0001,44.455555555555556,5.6,0.9999982389793883
0.0001,50.0,5.6,0.9999977709974512
0.0001,11.188888888888888,6.7,0.999999926633788
0.0001,16.733333333333334,6.7,0.9999998044548313
0.0001,22.27777777777778,6.7,0.9999996397024812
0.0001,27.822222222222223,6.7,0.9999994303988429
0.0001,33.36666666666667,6.7,0.9999991758807055
0.0001,38.91111111111111,6.7,0.9999988758629035
0.0001,44.455555555555556,6.7,0.9999985302025789
0.0001,50.0,6.7,0.9999981388202851
0.0001,11.188888888888888,7.800000000000001,0.9999999469368964
0.0001,16.733333333333334,7.800000000000001,0.9999998386892706
0.0001,22.27777777777778,7.800000000000001,0.9999996955142961
0.0001,27.822222222222223,7.800000000000001,0.9999995147312811
0.0001,33.36666666666667,7.800000000000001,0.9999992954413334
0.0001,38.91111111111111,7.800000000000001,0.9999990372579249
0.0001,44.455555555555556,7.800000000000001,0.9999987399873898
0.0001,50.0,7.800000000000001,0.9999984035219972
0.0001,11.188888888888888,8.9,0.9999999650645693
0.0001,16.733333333333334,8.9,0.99999986636247
0.0001,22.27777777777778,8.9,0.9999997389579722
0.0001,27.822222222222223,8.9,0.9999995793609631
0.0001,33.36666666666667,8.9,0.9999993864011175
0.0001,38.91111111111111,8.9,0.9999991595751749
0.0001,44.455555555555556,8.9,0.9999988986309625
0.0001,50.0,8.9,0.9999986034281856
0.0001,11.188888888888888,10.0,0.9999999820915723
0.0001,16.733333333333334,10.0,0.9999998898782633
0.0001,22.27777777777778,10.0,0.9999997742942311
0.0001,27.822222222222223,10.0,0.9999996309333138
0.0001,33.36666666666667,10.0,0.9999994583180017
0.0001,38.91111111111111,10.0,0.9999992558129267
0.0001,44.455555555555556,10.0,0.999999023099708
0.0001,50.0,10.0,0.9999987600012069
1.1112,5.644444444444444,0.1,0.00017027864669277406
1.1112,11.188888888888888,0.1,4.037625089016771e-06
1.1112,16.733333333333334,0.1,2.576708908653168e-07
1.1112,22.27777777777778,0.1,2.6682425813884756e-08
1.1112,27.822222222222223,0.1,3.727043745956229e-09
1.1112,33.36666666666667,0.1,6.408534381055431e-10
1.1112,38.91111111111111,0.1,1.2864484664554667e-10
1.1112,44.455555555555556,0.1,2.914426589636045e-11
1.1112,50.0,0.1,7.280757206270298e-12
1.1112,5.644444444444444,1.2000000000000002,0.0035814964644278894
1.1112,11.188888888888888,1.2000000000000002,7.443728415937479e-05
1.1112,16.733333333333334,1.2000000000000002,4.4454399909716605e-06
1.1112,22.27777777777778,1.2000000000000002,4.413894944086218e-07
1.1112,27.822222222222223,1.2000000000000002,5.984444147323437e-08
1.1112,33.36666666666667,1.2000000000000002,1.0060317390494165e-08
1.1112,38.91111111111111,1.2000000000000002,1.983677674486073e-09
1.1112,44.455555555555556,1.2000000000000002,4.428603936632188e-10
1.1112,50.0,1.2000000000000002,1.0928259523396488e-10
1.1112,5.644444444444444,2.3000000000000003,0.013127037517801024
1.1112,11.188888888888888,2.3000000000000003,0.0002245675775303199
1.1112,16.733333333333334,2.3000000000000003,1.2402500768551384e-05
1.1112,22.27777777777778,2.3000000000000003,1.1754725214753758e-06
1.1112,27.822222222222223,2.3000000000000003,1.5434397994356905e-07
1.1112,33.36666666666667,2.3000000000000003,2.5333068315832448e-08
1.1112,38.91111111111111,2.3000000000000003,4.902224093153754e-09
1.1112,44.455555555555556,2.3000000000000003,1.077853436781619e-09
1.1112,50.0,2.3000000000000003,2.6261029197685293e-10
1.1112,5.644444444444444,3.4000000000000004,0.0430913883456729
1.1112,11.188888888888888,3.4000000000000004,0.0005399294876720079
1.1112,16.733333333333334,3.4000000000000004,2.709447353371167e-05
1.1112,22.27777777777778,3.4000000000000004,2.436549726367204e-06
1.1112,27.822222222222223,3.4000000000000004,3.089541874469218e-07
1.1112,33.36666666666667,3.4000000000000004,4.943157672156886e-08
1.1112,38.91111111111111,3.4000000000000004,9.37810505051489e-09
1.1112,44.455555555555556,3.4000000000000004,2.0293302493987246e-09
1.1112,50.0,3.4000000000000004,4.879300194898272e-10
1.1112,5.644444444444444,4.5,0.16317251864487597
1.1112,11.188888888888888,4.5,0.0012130025473288564
1.1112,16.733333333333334,4.5,5.396429500048604e-05
1.1112,22.27777777777778,4.5,4.569428799290652e-06
1.1112,27.822222222222223,4.5,5.575998040486211e-07
1.1112,33.36666666666667,4.5,8.680117107107734e-08
1.1112,38.91111111111111,4.5,1.6126373032809485e-08
1.1112,44.455555555555556,4.5,3.4316936237815593e-09
1.1112,50.0,4.5,8.138190174786205e-10
1.1112,5.644444444444444,5.6,0.9213400915833678
1.1112,11.188888888888888,5.6,0.0027082156866792247
1.1112,16.733333333333334,5.6,0.00010325412544765792
1.1112,22.27777777777778,5.6,8.153630393483609e-06
1.1112,27.822222222222223,5.6,9.535876728280296e-07
1.1112,33.36666666666667,5.6,1.4411375657377666e-07
1.1112,38.91111111111111,5.6,2.618449400672957e-08
1.1112,44.455555555555556,5.6,5.4748736348900014e-09
1.1112,50.0,5.6,1.2798098421263555e-09
1.1112,11.188888888888888,6.7,0.006254195610543418
1.1112,16.733333333333334,6.7,0.00019483103302169412
1.1112,22.27777777777778,6.7,1.4177272801522713e-05
1.1112,27.822222222222223,6.7,1.5813442939176203e-06
1.1112,33.36666666666667,6.7,2.3142966406490533e-07
1.1112,38.91111111111111,6.7,4.106194427569493e-08
1.1112,44.455555555555556,6.7,8.427717438734223e-09
1.1112,50.0,6.7,1.9406416459059346e-09
1.1112,11.188888888888888,7.800000000000001,0.015540623979686507
1.1112,16.733333333333334,7.800000000000001,0.00036868175101601103
1.1112,22.27777777777778,7.800000000000001,2.4354102815596146e-05
1.1112,27.822222222222223,7.800000000000001,2.5758446575156204e-06
1.1112,33.36666666666667,7.800000000000001,3.640044507837954e-07
1.1112,38.91111111111111,7.800000000000001,6.296276838567389e-08
1.1112,44.455555555555556,7.800000000000001,1.2671642679637938e-08
1.1112,50.0,7.800000000000001,2.8722179836016188e-09
1.1112,11.188888888888888,8.9,0.04389336355306031
1.1112,16.733333333333334,8.9,0.0007090136417612025
1.1112,22.27777777777778,8.9,4.171636417898495e-05
1.1112,27.822222222222223,8.9,4.1552499331721665e-06
1.1112,33.36666666666667,8.9,5.651258716970078e-07
1.1112,38.91111111111111,8.9,9.511892972168361e-08
1.1112,44.455555555555556,8.9,1.8749300246954637e-08
1.1112,50.0,8.9,4.1799879954710045e-09
1.1112,11.188888888888888,10.0,0.15562783143958223
1.1112,16.733333333333334,10.0,0.001403408498191029
1.1112,22.27777777777778,10.0,7.175612686152924e-05
1.1112,27.822222222222223,10.0,6.676639402829625e-06
1.1112,33.36666666666667,10.0,8.706155834973866e-07
1.1112,38.91111111111111,10.0,1.4229328530084555e-07
1.1112,44.455555555555556,10.0,2.743532029222641e-08
1.1112,50.0,10.0,6.010785104241162e-09
2.2223,5.644444444444444,0.1,1.0398201545822615e-07
2.2223,11.188888888888888,0.1,1.1512791592071558e-10
2.2223,16.733333333333334,0.1,6.99347085372496e-13
2.2223,22.27777777777778,0.1,9.970895431107173e-15
2.2223,27.822222222222223,0.1,2.42779055733146e-16
2.2223,33.36666666666667,0.1,8.604433242000511e-18
2.2223,38.91111111111111,0.1,4.0422320138312386e-19
2.2223,44.455555555555556,0.1,2.3697820575650458e-20
2.2223,50.0,0.1,1.6631839829804986e-21
2.2223,5.644444444444444,1.2000000000000002,4.754775357063737e-06
2.2223,11.188888888888888,1.2000000000000002,3.615505656417753e-09
2.2223,16.733333333333334,1.2000000000000002,1.8567314007866343e-11
2.2223,22.27777777777778,1.2000000000000002,2.391978012751552e-13
2.2223,27.822222222222223,1.2000000000000002,5.43105973359616e-15
2.2223,33.36666666666667,1.2000000000000002,1.8273350157390215e-16
2.2223,38.91111111111111,1.2000000000000002,8.242529479928651e-18
2.2223,44.455555555555556,1.2000000000000002,4.6756499266936315e-19
2.2223,50.0,1.2000000000000002,3.192809864105252e-20
2.2223,5.644444444444444,2.3000000000000003,4.218146348962267e-05
2.2223,11.188888888888888,2.3000000000000003,1.9151254804955112e-08
2.2223,16.733333333333334,2.3000000000000003,8.096659400343469e-11
2.2223,22.27777777777778,2.3000000000000003,9.329195705763556e-13
2.2223,27.822222222222223,2.3000000000000003,1.9650417075677693e-14
2.2223,33.36666666666667,2.3000000000000003,6.257503969872911e-16
2.2223,38.91111111111111,2.3000000000000003,2.7047454748591705e-17
2.2223,44.455555555555556,2.3000000000000003,1.482539482859775e-18
2.2223,50.0,2.3000000000000003,9.840188033492938e-20
2.2223,5.644444444444444,3.4000000000000004,0.00039885512867793706
2.2223,11.188888888888888,3.4000000000000004,8.382158665100905e-08
2.2223,16.733333333333334,3.4000000000000004,2.813094282497319e-10
2.2223,22.27777777777778,3.4000000000000004,2.8624091374563606e-12
2.2223,27.822222222222223,3.4000000000000004,5.5590607168800164e-14
2.2223,33.36666666666667,3.4000000000000004,1.6695902966366477e-15
2.2223,38.91111111111111,3.4000000000000004,6.900117004054142e-17
2.2223,44.455555555555556,3.4000000000000004,3.6490469483391146e-18
2.2223,50.0,3.4000000000000004,2.351647525531827e-19
2.2223,5.644444444444444,4.5,0.00627473205336272
2.2223,11.188888888888888,4.5,3.583080295698842e-07
2.2223,16.733333333333334,4.5,9.086952350285675e-10
2.2223,22.27777777777778,4.5,8.038633682546316e-12
2.2223,27.822222222222223,4.5,1.4291512976144083e-13
2.2223,33.36666666666667,4.5,4.0321902382003816e-15
2.2223,38.91111111111111,4.5,1.589416755021327e-16
2.2223,44.455555555555556,4.5,8.09627414705213e-18
2.2223,50.0,4.5,5.060153003437294e-19
2.2223,5.644444444444444,5.6,0.7244608550091275
2.2223,11.188888888888888,5.6,1.609699735702805e-06
2.2223,16.733333333333334,5.6,2.8834120950297574e-09
2.2223,22.27777777777778,5.6,2.175455283674448e-11
2.2223,27.822222222222223,5.6,3.511015432830236e-13
2.2223,33.36666666666667,5.6,9.263904979294781e-15
2.2223,38.91111111111111,5.6,3.473369303607353e-16
2.2223,44.455555555555556,5.6,1.701123622635453e-17
2.2223,50.0,5.6,1.029788037365892e-18
2.2223,11.188888888888888,6.7,8.055424762689125e-06
2.2223,16.733333333333334,6.7,9.257720282969542e-09
2.2223,22.27777777777778,6.7,5.817565740815267e-11
2.2223,27.822222222222223,6.7,8.440327910225801e-13
2.2223,33.36666666666667,6.7,2.0720683007080982e-14
2.2223,38.91111111111111,6.7,7.367161058980237e-16
2.2223,44.455555555555556,6.7,3.462277470442281e-17
2.2223,50.0,6.7,2.027263052665301e-18
2.2223,11.188888888888888,7.800000000000001,4.820114903822974e-05
2.2223,16.733333333333334,7.800000000000001,3.0718915958206956e-08
2.2223,22.27777777777778,7.800000000000001,1.5609780503120462e-10
2.2223,27.822222222222223,7.800000000000001,2.0126583202539643e-12
2.2223,33.36666666666667,7.800000000000001,4.5707544440897196e-14
2.2223,38.91111111111111,7.800000000000001,1.5358809940651046e-15
2.2223,44.455555555555556,7.800000000000001,6.91122575738734e-17
2.2223,50.0,7.800000000000001,3.908353473329274e-18
2.2223,11.188888888888888,8.9,0.00038850667314695934
2.2223,16.733333333333334,8.9,1.0737374714916919e-07
2.2223,22.27777777777778,8.9,4.249298962875706e-10
2.2223,27.822222222222223,8.9,4.80372149080421e-12
2.2223,33.36666666666667,8.9,1.0025778944516106e-13
2.2223,38.91111111111111,8.9,3.1720056640398707e-15
2.2223,44.455555555555556,8.9,1.3634473512444007e-16
2.2223,50.0,8.9,7.434803940572886e-18
2.2223,11.188888888888888,10.0,0.0055870216339862465
2.2223,16.733333333333334,10.0,4.036089402562541e-07
2.2223,22.27777777777778,10.0,1.1844453947237906e-09
2.2223,27.822222222222223,10.0,1.1552881676302469e-11
2.2223,33.36666666666667,10.0,2.1994029036004625e-13
2.2223,38.91111111111111,10.0,6.524645675680052e-15
2.2223,44.455555555555556,10.0,2.672036803707163e-16
2.2223,50.0,10.0,1.402526257136252e-17
3.3334,5.644444444444444,0.1,6.356419243422654e-11
3.3334,11.188888888888888,0.1,3.282904777217723e-15
3.3334,16.733333333333334,0.1,1.898114567658893e-18
3.3334,22.27777777777778,0.1,3.726004072608713e-21
3.3334,27.822222222222223,0.1,1.5814592306416389e-23
3.3334,33.36666666666667,0.1,1.1552762137364613e-25
3.3334,38.91111111111111,0.1,1.270135584914917e-27
3.3334,44.455555555555556,0.1,1.926920042961342e-29
3.3334,50.0,0.1,3.799303951657302e-31
3.3334,5.644444444444444,1.2000000000000002,6.3065301039347515e-09
3.3334,11.188888888888888,1.2000000000000002,1.7561329594623223e-13
3.3334,16.733333333333334,1.2000000000000002,7.755058986754987e-17
3.3334,22.27777777777778,1.2000000000000002,1.2962615906674672e-19
3.3334,27.822222222222223,1.2000000000000002,4.928847639734655e-22
3.3334,33.36666666666667,1.2000000000000002,3.3191332019176864e-24
3.3334,38.91111111111111,1.2000000000000002,3.4249159291438256e-26
3.3334,44.455555555555556,1.2000000000000002,4.93647718021279e-28
3.3334,50.0,1.2000000000000002,9.328141239082092e-30
3.3334,5.644444444444444,2.3000000000000003,1.346269072567531e-07
3.3334,11.188888888888888,2.3000000000000003,1.6331417825412643e-12
3.3334,16.733333333333334,2.3000000000000003,5.285702990083858e-16
3.3334,22.27777777777778,2.3000000000000003,7.404165269339331e-19
3.3334,27.822222222222223,2.3000000000000003,2.501807520926795e-21
3.3334,33.36666666666667,2.3000000000000003,1.545661835518866e-23
3.3334,38.91111111111111,2.3000000000000003,1.4923120586660762e-25
3.3334,44.455555555555556,2.3000000000000003,2.0391671510248377e-27
3.3334,50.0,2.3000000000000003,3.687186052480696e-29
3.3334,5.644444444444444,3.4000000000000004,3.5990058180136532e-06
3.3334,11.188888888888888,3.4000000000000004,1.3009928349820713e-11
3.3334,16.733333333333334,3.4000000000000004,2.9206875613162753e-15
3.3334,22.27777777777778,3.4000000000000004,3.3626998230847407e-18
3.3334,27.822222222222223,3.4000000000000004,1.0002504859067523e-20
3.3334,33.36666666666667,3.4000000000000004,5.639172354430848e-23
3.3334,38.91111111111111,3.4000000000000004,5.076890764830904e-25
3.3334,44.455555555555556,3.4000000000000004,6.561545936599984e-27
3.3334,50.0,3.4000000000000004,1.1334096829591332e-28
3.3334,5.644444444444444,4.5,0.00021834106636683132
3.3334,11.188888888888888,4.5,1.0577442438326335e-10
3.3334,16.733333333333334,4.5,1.5301047676581237e-14
3.3334,22.27777777777778,4.5,1.4141715766828374e-17
3.3334,27.822222222222223,4.5,3.662973557952468e-20
3.3334,33.36666666666667,4.5,1.8730805141664319e-22
3.3334,38.91111111111111,4.5,1.5665305676474642e-24
3.3334,44.455555555555556,4.5,1.9101255046128372e-26
3.3334,50.0,4.5,3.14629516873033e-28
3.3334,5.644444444444444,5.6,0.49525482019319483
3.3334,11.188888888888888,5.6,9.553110796217236e-10
3.3334,16.733333333333334,5.6,8.051659624040086e-14
3.3334,22.27777777777778,5.6,5.804276254454206e-17
3.3334,27.822222222222223,5.6,1.292720851072704e-19
3.3334,33.36666666666667,5.6,5.955013327998159e-22
3.3334,38.91111111111111,5.6,4.6074193069329894e-24
3.3334,44.455555555555556,5.6,5.285640865124005e-26
3.3334,50.0,5.6,8.286101320225511e-28
3.3334,11.188888888888888,6.7,1.0337119397665639e-08
3.3334,16.733333333333334,6.7,4.3985201950783385e-13
3.3334,22.27777777777778,6.7,2.387191757421874e-16
3.3334,27.822222222222223,6.7,4.504970789763958e-19
3.3334,33.36666666666667,6.7,1.8551929521250906e-21
3.3334,38.91111111111111,6.7,1.3217849944060735e-23
3.3334,44.455555555555556,6.7,1.422373895039903e-25
3.3334,50.0,6.7,2.117750844916137e-27
3.3334,11.188888888888888,7.800000000000001,1.4809516966323324e-07
3.3334,16.733333333333334,7.800000000000001,2.559011854049123e-12
3.3334,22.27777777777778,7.800000000000001,1.0004984995537586e-15
3.3334,27.822222222222223,7.800000000000001,1.5726062479282872e-18
3.3334,33.36666666666667,7.800000000000001,5.739433618925125e-21
3.3334,38.91111111111111,7.800000000000001,3.746548086735646e-23
3.3334,44.455555555555556,7.800000000000001,3.7694435198369894e-25
3.3334,50.0,7.800000000000001,5.318268654161107e-27
3.3334,11.188888888888888,8.9,3.3467401243912673e-06
3.3334,16.733333333333334,8.9,1.62541792044431e-11
3.3334,22.27777777777778,8.9,4.328314857217032e-15
3.3334,27.822222222222223,8.9,5.553383775958292e-18
3.3334,33.36666666666667,8.9,1.77865193028611e-20
3.3334,38.91111111111111,8.9,1.0577936142802625e-22
3.3334,44.455555555555556,8.9,9.914976277869945e-25
3.3334,50.0,8.9,1.3224035490024317e-26
3.3334,11.188888888888888,10.0,0.00018216920970485129
3.3334,16.733333333333334,10.0,1.1597841906726569e-10
3.3334,22.27777777777778,10.0,1.9550337418513236e-14
3.3334,27.822222222222223,10.0,1.9990392949316355e-17
3.3334,33.36666666666667,10.0,5.556265535926827e-20
3.3334,38.91111111111111,10.0,2.991778490722332e-22
3.3334,44.455555555555556,10.0,2.6024046912075475e-24
3.3334,50.0,10.0,3.2725839722806887e-26
4.4445,5.644444444444444,0.1,3.8856807462325835e-14
4.4445,11.188888888888888,0.1,9.361294961657768e-20
4.4445,16.733333333333334,0.1,5.151717919994494e-24
4.4445,22.27777777777778,0.1,1.3923630475341433e-27
4.4445,27.822222222222223,0.1,1.0301602379287079e-30
4.4445,33.36666666666667,0.1,1.5511342728657725e-33
4.4445,38.91111111111111,0.1,3.9909742898160205e-36
4.4445,44.455555555555556,0.1,1.5668195478622624e-38
4.4445,50.0,0.1,8.678961957781216e-41
4.4445,5.644444444444444,1.2000000000000002,8.364700714533137e-12
4.4445,11.188888888888888,1.2000000000000002,8.52993541643059e-18
4.4445,16.733333333333334,1.2000000000000002,3.239075930075258e-22
4.4445,22.27777777777778,1.2000000000000002,7.024705505162472e-26
4.4445,27.822222222222223,1.2000000000000002,4.473075283160672e-29
4.4445,33.36666666666667,1.2000000000000002,6.02880430637237e-32
4.4445,38.91111111111111,1.2000000000000002,1.4231127896196277e-34
4.4445,44.455555555555556,1.2000000000000002,5.211854465758537e-37
4.4445,50.0,1.2000000000000002,2.725317907417909e-39
4.4445,5.644444444444444,2.3000000000000003,4.296676713496157e-10
4.4445,11.188888888888888,2.3000000000000003,1.3926774494552093e-16
4.4445,16.733333333333334,2.3000000000000003,3.450639914322314e-21
4.4445,22.27777777777778,2.3000000000000003,5.876354732470699e-25
4.4445,27.822222222222223,2.3000000000000003,3.185194923680834e-28
4.4445,33.36666666666667,2.3000000000000003,3.8179288759254137e-31
4.4445,38.91111111111111,2.3000000000000003,8.233659326322199e-34
4.4445,44.455555555555556,2.3000000000000003,2.804783763193788e-36
4.4445,50.0,2.3000000000000003,1.3816139426740593e-38
4.4445,5.644444444444444,3.4000000000000004,3.2467523630761805e-08
4.4445,11.188888888888888,3.4000000000000004,2.0192677852186985e-15
4.4445,16.733333333333334,3.4000000000000004,3.0323959930316534e-20
4.4445,22.27777777777778,3.4000000000000004,3.950431107909845e-24
4.4445,27.822222222222223,3.4000000000000004,1.7997663373574935e-27
4.4445,33.36666666666667,3.4000000000000004,1.9046747520657077e-30
4.4445,38.91111111111111,3.4000000000000004,3.735417794057928e-33
4.4445,44.455555555555556,3.4000000000000004,1.179866570302903e-35
4.4445,50.0,3.4000000000000004,5.462627776817974e-38
4.4445,5.644444444444444,4.5,7.570096841092011e-06
4.4445,11.188888888888888,4.5,3.122516346625117e-14
4.4445,16.733333333333334,4.5,2.5764640431237846e-19
4.4445,22.27777777777778,4.5,2.487837270948307e-23
4.4445,27.822222222222223,4.5,9.388351890143242e-27
4.4445,33.36666666666667,4.5,8.701054278916898e-30
4.4445,38.91111111111111,4.5,1.5439739210129277e-32
4.4445,44.455555555555556,4.5,4.506491970384831e-35
4.4445,50.0,4.5,1.9562992032160907e-37
4.4445,5.644444444444444,5.6,0.303704621485037
4.4445,11.188888888888888,5.6,5.669494831720657e-13
4.4445,16.733333333333334,5.6,2.24835092865248e-18
4.4445,22.27777777777778,5.6,1.548624009447053e-22
4.4445,27.822222222222223,5.6,4.759669191914987e-26
4.4445,33.36666666666667,5.6,3.827995193808191e-29
4.4445,38.91111111111111,5.6,6.111734979592247e-32
4.4445,44.455555555555556,5.6,1.64232622387467e-34
4.4445,50.0,5.6,6.667340520352947e-37
4.4445,11.188888888888888,6.7,1.326503975074979e-11
4.4445,16.733333333333334,6.7,2.0898211679900597e-17
4.4445,22.27777777777778,6.7,9.795651206108357e-22
4.4445,27.822222222222223,6.7,2.404499212884031e-25
4.4445,33.36666666666667,6.7,1.661017104715349e-28
4.4445,38.91111111111111,6.7,2.3714909412865485e-31
4.4445,44.455555555555556,6.7,5.843400809330815e-34
4.4445,50.0,6.7,2.2122776002091376e-36
4.4445,11.188888888888888,7.800000000000001,4.5500035428430044e-10
4.4445,16.733333333333334,7.800000000000001,2.1317619305768777e-16
4.4445,22.27777777777778,7.800000000000001,6.41262859099865e-21
4.4445,27.822222222222223,7.800000000000001,1.228768135223797e-24
4.4445,33.36666666666667,7.800000000000001,7.2069280178992545e-28
4.4445,38.91111111111111,7.800000000000001,9.139134230101374e-31
4.4445,44.455555555555556,7.800000000000001,2.055887761162125e-33
4.4445,50.0,7.800000000000001,7.236802318634628e-36
4.4445,11.188888888888888,8.9,2.8823248695508212e-08
4.4445,16.733333333333334,8.9,2.460548619757941e-15
4.4445,22.27777777777778,8.9,4.408800054503599e-20
4.4445,27.822222222222223,8.9,6.420037344389821e-24
4.4445,33.36666666666667,8.9,3.155468225080764e-27
4.4445,38.91111111111111,8.9,3.527507353145872e-30
4.4445,44.455555555555556,8.9,7.210161397211403e-33
4.4445,50.0,8.9,2.352114676314487e-35
4.4445,11.188888888888888,10.0,5.920397168675231e-06
4.4445,16.733333333333334,10.0,3.3326790217839426e-14
4.4445,22.27777777777778,10.0,3.22695917123478e-19
4.4445,27.822222222222223,10.0,3.459014135716074e-23
4.4445,33.36666666666667,10.0,1.4036576315866206e-26
4.4445,38.91111111111111,10.0,1.3718351895968545e-29
4.4445,44.455555555555556,10.0,2.5345871611584907e-32
4.4445,50.0,10.0,7.636082248824539e-35
5.5556,5.644444444444444,0.1,2.3753176575305717e-17
5.5556,11.188888888888888,0.1,2.669399489358081e-24
5.5556,16.733333333333334,0.1,1.3982400208816953e-29
5.5556,22.27777777777778,0.1,5.203093765759593e-34
5.5556,27.822222222222223,0.1,6.710448775709277e-38
5.5556,33.36666666666667,0.1,2.0826340089502314e-41
5.5556,38.91111111111111,0.1,1.2540295674842726e-44
5.5556,44.455555555555556,0.1,1.2740141992557514e-47
5.5556,50.0,0.1,1.9825836948832743e-50
5.5556,5.644444444444444,1.2000000000000002,1.1094566548636753e-14
5.5556,11.188888888888888,1.2000000000000002,4.1431827707827717e-22
5.5556,16.733333333333334,1.2000000000000002,1.3528733822285101e-27
5.5556,22.27777777777778,1.2000000000000002,3.806830950599273e-32
5.5556,27.822222222222223,1.2000000000000002,4.059448364263106e-36
5.5556,33.36666666666667,1.2000000000000002,1.0950594373113512e-39
5.5556,38.91111111111111,1.2000000000000002,5.9132838699640594e-43
5.5556,44.455555555555556,1.2000000000000002,5.502593444800637e-46
5.5556,50.0,1.2000000000000002,7.962312647426627e-49
5.5556,5.644444444444444,2.3000000000000003,1.3713030982417808e-12
5.5556,11.188888888888888,2.3000000000000003,1.1876191638439554e-20
5.5556,16.733333333333334,2.3000000000000003,2.2526645633801155e-26
5.5556,22.27777777777778,2.3000000000000003,4.663799859361021e-31
5.5556,27.822222222222223,2.3000000000000003,4.0552546976449855e-35
5.5556,33.36666666666667,2.3000000000000003,9.430640368196547e-39
5.5556,38.91111111111111,2.3000000000000003,4.542826381938434e-42
5.5556,44.455555555555556,2.3000000000000003,3.857855377045284e-45
5.5556,50.0,2.3000000000000003,5.1770023519889216e-48
5.5556,5.644444444444444,3.4000000000000004,2.928969659099912e-10
5.5556,11.188888888888888,3.4000000000000004,3.1341005720877783e-19
5.5556,16.733333333333334,3.4000000000000004,3.148376971349247e-25
5.5556,22.27777777777778,3.4000000000000004,4.6408858237086915e-30
5.5556,27.822222222222223,3.4000000000000004,3.238347708622963e-34
5.5556,33.36666666666667,3.4000000000000004,6.43318856588253e-38
5.5556,38.91111111111111,3.4000000000000004,2.748403844499367e-41
5.5556,44.455555555555556,3.4000000000000004,2.121581007233907e-44
5.5556,50.0,3.4000000000000004,2.6327904796220797e-47
5.5556,5.644444444444444,4.5,2.624295776587069e-07
5.5556,11.188888888888888,4.5,9.217831617861382e-18
5.5556,16.733333333333334,4.5,4.338374146542664e-24
5.5556,22.27777777777778,4.5,4.376650180763454e-29
5.5556,27.822222222222223,4.5,2.4062732045061275e-33
5.5556,33.36666666666667,4.5,4.041916243966052e-37
5.5556,38.91111111111111,4.5,1.5217420700241756e-40
5.5556,44.455555555555556,4.5,1.0632008122031295e-43
5.5556,50.0,4.5,1.2163851028790445e-46
5.5556,5.644444444444444,5.6,0.17299172871647706
5.5556,11.188888888888888,5.6,3.3646811300856218e-16
5.5556,16.733333333333334,5.6,6.27831047810205e-23
5.5556,22.27777777777778,5.6,4.131843863901967e-28
5.5556,27.822222222222223,5.6,1.7524627066752735e-32
5.5556,33.36666666666667,5.6,2.460707709069786e-36
5.5556,38.91111111111111,5.6,8.107207521695221e-40
5.5556,44.455555555555556,5.6,5.102948714172877e-43
5.5556,50.0,5.6,5.3648184950180944e-46
5.5556,11.188888888888888,6.7,1.7022273976611584e-14
5.5556,16.733333333333334,6.7,9.929140530183558e-22
5.5556,22.27777777777778,6.7,4.019567437488177e-27
5.5556,27.822222222222223,6.7,1.2833860050539274e-31
5.5556,33.36666666666667,6.7,1.487164889774167e-35
5.5556,38.91111111111111,6.7,4.25482912001979e-39
5.5556,44.455555555555556,6.7,2.4005877173054362e-42
5.5556,50.0,6.7,2.3110235994644952e-45
5.5556,11.188888888888888,7.800000000000001,1.3979207041407758e-12
5.5556,16.733333333333334,7.800000000000001,1.7758452042571936e-20
5.5556,22.27777777777778,7.800000000000001,4.110131645817942e-26
5.5556,27.822222222222223,7.800000000000001,9.601075489369543e-31
5.5556,33.36666666666667,7.800000000000001,9.049640592394922e-35
5.5556,38.91111111111111,7.800000000000001,2.2293527946837065e-38
5.5556,44.455555555555556,7.800000000000001,1.1212993282040125e-41
5.5556,50.0,7.800000000000001,9.847435548036518e-45
5.5556,11.188888888888888,8.9,2.4823498225338825e-10
5.5556,16.733333333333334,8.9,3.724764833699715e-19
5.5556,22.27777777777778,8.9,4.490781877427572e-25
5.5556,27.822222222222223,8.9,7.42193969770215e-30
5.5556,33.36666666666667,8.9,5.598048471401864e-34
5.5556,38.91111111111111,8.9,1.1763455515814115e-37
5.5556,44.455555555555556,8.9,5.243222567245993e-41
5.5556,50.0,8.9,4.183627195123167e-44
5.5556,11.188888888888888,10.0,1.923891335544171e-07
5.5556,16.733333333333334,10.0,9.576565666959022e-18
5.5556,22.27777777777778,10.0,5.326386583463879e-24
5.5556,27.822222222222223,10.0,5.985264432479659e-29
5.5556,33.36666666666667,10.0,3.546005377121846e-33
5.5556,38.91111111111111,10.0,6.290344667067424e-37
5.5556,44.455555555555556,10.0,2.4685369263334676e-40
5.5556,50.0,10.0,1.781764886851055e-43
6.6667,5.644444444444444,0.1,1.4520323059603724e-20
6.6667,11.188888888888888,0.1,7.611867442454097e-29
6.6667,16.733333333333334,0.1,3.7949965164190257e-35
6.6667,22.27777777777778,0.1,1.9443337557134415e-40
6.6667,27.822222222222223,0.1,4.371176552296233e-45
6.6667,33.36666666666667,0.1,2.7962533554382427e-49
6.6667,38.91111111111111,0.1,3.9403665419184826e-53
6.6667,44.455555555555556,0.1,1.0359279612766117e-56
6.6667,50.0,0.1,4.528926531004042e-60
6.6667,5.644444444444444,1.2000000000000002,1.471533903036145e-17
6.6667,11.188888888888888,1.2000000000000002,2.0124376837655523e-26
6.6667,16.733333333333334,1.2000000000000002,5.650581918590272e-33
6.6667,22.27777777777778,1.2000000000000002,2.0629992069832106e-38
6.6667,27.822222222222223,1.2000000000000002,3.6840696788975734e-43
6.6667,33.36666666666667,1.2000000000000002,1.9890431175169517e-47
6.6667,38.91111111111111,1.2000000000000002,2.4570734225587024e-51
6.6667,44.455555555555556,1.2000000000000002,5.809551056671071e-55
6.6667,50.0,1.2000000000000002,2.3262762308503802e-58
6.6667,5.644444444444444,2.3000000000000003,4.376573599138881e-15
6.6667,11.188888888888888,2.3000000000000003,1.0127537276353358e-24
6.6667,16.733333333333334,2.3000000000000003,1.4705961100276678e-31
6.6667,22.27777777777778,2.3000000000000003,3.7014493029134875e-37
6.6667,27.822222222222223,2.3000000000000003,5.1629777947052636e-42
6.6667,33.36666666666667,2.3000000000000003,2.3294561172961204e-46
6.6667,38.91111111111111,2.3000000000000003,2.506451957571418e-50
6.6667,44.455555555555556,2.3000000000000003,5.306308566636237e-54
6.6667,50.0,2.3000000000000003,1.9398583442655655e-57
6.6667,5.644444444444444,3.4000000000000004,2.642290554558178e-12
6.6667,11.188888888888888,3.4000000000000004,4.864429803646455e-23
6.6667,16.733333333333334,3.4000000000000004,3.2687939096675846e-30
6.6667,22.27777777777778,3.4000000000000004,5.452017929277599e-36
6.6667,27.822222222222223,3.4000000000000004,5.82680966093699e-41
6.6667,33.36666666666667,3.4000000000000004,2.1728599635878702e-45
6.6667,38.91111111111111,3.4000000000000004,2.022189781414786e-49
6.6667,44.455555555555556,3.4000000000000004,3.8149279618118934e-53
6.6667,50.0,3.4000000000000004,1.2689104937745668e-56
6.6667,5.644444444444444,4.5,9.097503528044176e-09
6.6667,11.188888888888888,4.5,2.721152119093926e-21
6.6667,16.733333333333334,4.5,7.305163169508199e-29
6.6667,22.27777777777778,4.5,7.699485423930195e-35
6.6667,27.822222222222223,4.5,6.167377195142573e-40
6.6667,33.36666666666667,4.5,1.8775985529503833e-44
6.6667,38.91111111111111,4.5,1.499830337912882e-48
6.6667,44.455555555555556,4.5,2.508372309321711e-52
6.6667,50.0,4.5,7.563223028837627e-56
6.6667,5.644444444444444,5.6,0.0942007015122307
6.6667,11.188888888888888,5.6,1.9968408902693751e-19
6.6667,16.733333333333334,5.6,1.7531597028347553e-27
6.6667,22.27777777777778,5.6,1.1024066275299722e-33
6.6667,27.822222222222223,5.6,6.452392833318038e-39
6.6667,33.36666666666667,5.6,1.58178945450862e-43
6.6667,38.91111111111111,5.6,1.0754198933576395e-47
6.6667,44.455555555555556,5.6,1.5855610901738946e-51
6.6667,50.0,5.6,4.316755293453203e-55
6.6667,11.188888888888888,6.7,2.1843719791053426e-17
6.6667,16.733333333333334,6.7,4.717524790073493e-26
6.6667,22.27777777777778,6.7,1.6493974769579658e-32
6.6667,27.822222222222223,6.7,6.849990339538335e-38
6.6667,33.36666666666667,6.7,1.3315091115549086e-42
6.6667,38.91111111111111,6.7,7.633835122620096e-47
6.6667,44.455555555555556,6.7,9.862101841920111e-51
6.6667,50.0,6.7,2.4141771705218807e-54
6.6667,11.188888888888888,7.800000000000001,4.294902797606666e-15
6.6667,16.733333333333334,7.800000000000001,1.4793519596392695e-24
6.6667,22.27777777777778,7.800000000000001,2.63436154242071e-31
6.6667,27.822222222222223,7.800000000000001,7.501875082053862e-37
6.6667,33.36666666666667,7.800000000000001,1.1363509479784469e-41
6.6667,38.91111111111111,7.800000000000001,5.4381670714436946e-46
6.6667,44.455555555555556,7.800000000000001,6.115665490999717e-50
6.6667,50.0,7.800000000000001,1.3399839128261616e-53
6.6667,11.188888888888888,8.9,2.137878557193829e-12
6.6667,16.733333333333334,8.9,5.638528316392668e-23
6.6667,22.27777777777778,8.9,4.574288155805895e-30
6.6667,27.822222222222223,8.9,8.580197578517751e-36
6.6667,33.36666666666667,8.9,9.931377676085875e-41
6.6667,38.91111111111111,8.9,3.9228517992777994e-45
6.6667,44.455555555555556,8.9,3.812866505361532e-49
6.6667,50.0,8.9,7.441276857810062e-53
6.6667,11.188888888888888,10.0,6.251852667367709e-09
6.6667,16.733333333333334,10.0,2.7518584710413044e-21
6.6667,22.27777777777778,10.0,8.791680505101783e-29
6.6667,27.822222222222223,10.0,1.0356531925328494e-34
6.6667,33.36666666666667,10.0,8.958134698675755e-40
6.6667,38.91111111111111,10.0,2.884343274656209e-44
6.6667,44.455555555555556,10.0,2.404207931790675e-48
6.6667,50.0,10.0,4.157480247811756e-52
7.777799999999999,5.644444444444444,0.1,8.876277288085034e-24
7.777799999999999,11.188888888888888,0.1,2.170545330231775e-33
7.777799999999999,16.733333333333334,0.1,1.030009035970177e-40
7.777799999999999,22.27777777777778,0.1,7.265742121514189e-47
7.777799999999999,27.822222222222223,0.1,2.8473780353571866e-52
7.777799999999999,33.36666666666667,0.1,3.754396016869463e-57
7.777799999999999,38.91111111111111,0.1,1.2381277832083938e-61
7.777799999999999,44.455555555555556,0.1,8.4233499248409e-66
7.777799999999999,50.0,0.1,1.0345679517171763e-69
7.777799999999999,5.644444444444444,1.2000000000000002,1.9517770417546182e-20
7.777799999999999,11.188888888888888,1.2000000000000002,9.774865496156919e-31
7.777799999999999,16.733333333333334,1.2000000000000002,2.3600934454120446e-38
7.777799999999999,22.27777777777778,1.2000000000000002,1.1179812771416388e-44
7.777799999999999,27.822222222222223,1.2000000000000002,3.343402398822332e-50
7.777799999999999,33.36666666666667,1.2000000000000002,3.612856424538249e-55
7.777799999999999,38.91111111111111,1.2000000000000002,1.020957210342927e-59
7.777799999999999,44.455555555555556,1.2000000000000002,6.133632044351467e-64
7.777799999999999,50.0,1.2000000000000002,6.7964689931741905e-68
7.777799999999999,5.644444444444444,2.3000000000000003,1.396802537179763e-17
7.777799999999999,11.188888888888888,2.3000000000000003,8.636355357549845e-29
7.777799999999999,16.733333333333334,2.3000000000000003,9.60042144749434e-37
7.777799999999999,22.27777777777778,2.3000000000000003,2.937674719153976e-43
7.777799999999999,27.822222222222223,2.3000000000000003,6.573283725951862e-49
7.777799999999999,33.36666666666667,2.3000000000000003,5.753973845411243e-54
7.777799999999999,38.91111111111111,2.3000000000000003,1.3829059020593517e-58
7.777799999999999,44.455555555555556,2.3000000000000003,7.298591536607155e-63
7.777799999999999,50.0,2.3000000000000003,7.268782472874452e-67
7.777799999999999,5.644444444444444,3.4000000000000004,2.3836707737230718e-14
7.777799999999999,11.188888888888888,3.4000000000000004,7.55006955594951e-27
7.777799999999999,16.733333333333334,3.4000000000000004,3.3938164715075254e-35
7.777799999999999,22.27777777777778,3.4000000000000004,6.404919368908439e-42
7.777799999999999,27.822222222222223,3.4000000000000004,1.0484269720136338e-47
7.777799999999999,33.36666666666667,3.4000000000000004,7.339005180730923e-53
7.777799999999999,38.91111111111111,3.4000000000000004,1.4878641362122143e-57
7.777799999999999,44.455555555555556,3.4000000000000004,6.8598254340472105e-62
7.777799999999999,50.0,3.4000000000000004,6.115693040041365e-66
7.777799999999999,5.644444444444444,4.5,3.1537816225436043e-10
7.777799999999999,11.188888888888888,4.5,8.03298341976805e-25
7.777799999999999,16.733333333333334,4.5,1.2300785301255463e-33
7.777799999999999,22.27777777777778,4.5,1.3545079763028567e-40
7.777799999999999,27.822222222222223,4.5,1.5807241420439988e-46
7.777799999999999,33.36666666666667,4.5,8.722042004962887e-52
7.777799999999999,38.91111111111111,4.5,1.4782341152519368e-56
7.777799999999999,44.455555555555556,4.5,5.91791463094745e-61
7.777799999999999,50.0,4.5,4.702650702359738e-65
7.777799999999999,5.644444444444444,5.6,0.050003004649583495
7.777799999999999,11.188888888888888,5.6,1.1850672877730675e-22
7.777799999999999,16.733333333333334,5.6,4.8955351194622945e-32
7.777799999999999,22.27777777777778,5.6,2.9413027511506766e-39
7.777799999999999,27.822222222222223,5.6,2.3757066622227376e-45
7.777799999999999,33.36666666666667,5.6,1.0168041775837563e-50
7.777799999999999,38.91111111111111,5.6,1.4265429174403645e-55
7.777799999999999,44.455555555555556,5.6,4.926571109153218e-60
7.777799999999999,50.0,5.6,3.473440206944721e-64
7.777799999999999,11.188888888888888,6.7,2.8030808043957604e-20
7.777799999999999,16.733333333333334,6.7,2.2413863594038978e-30
7.777799999999999,22.27777777777778,6.7,6.768171151011585e-38
7.777799999999999,27.822222222222223,6.7,3.6561383299326886e-44
7.777799999999999,33.36666666666667,6.7,1.1921452196352907e-49
7.777799999999999,38.91111111111111,6.7,1.369630531227451e-54
7.777799999999999,44.455555555555556,6.7,4.051551711244038e-59
7.777799999999999,50.0,6.7,2.5219350473182987e-63
7.777799999999999,11.188888888888888,7.800000000000001,1.3195448058129947e-17
7.777799999999999,16.733333333333334,7.800000000000001,1.232360914815181e-28
7.777799999999999,22.27777777777778,7.800000000000001,1.6884765098087616e-36
7.777799999999999,27.822222222222223,7.800000000000001,5.861648500634481e-43
7.777799999999999,33.36666666666667,7.800000000000001,1.4269002882354072e-48
7.777799999999999,38.91111111111111,7.800000000000001,1.3265581458196398e-53
7.777799999999999,44.455555555555556,7.800000000000001,3.3355379297079095e-58
7.777799999999999,50.0,7.800000000000001,1.8233751090565913e-62
7.777799999999999,11.188888888888888,8.9,1.8412089557764873e-14
7.777799999999999,16.733333333333334,8.9,8.535572846670902e-27
7.777799999999999,22.27777777777778,8.9,4.659347236951925e-35
7.777799999999999,27.822222222222223,8.9,9.919211619193668e-42
7.777799999999999,33.36666666666667,8.9,1.7619044038101362e-47
7.777799999999999,38.91111111111111,8.9,1.3081841656483754e-52
7.777799999999999,44.455555555555556,8.9,2.772712926307062e-57
7.777799999999999,50.0,8.9,1.3235548650015256e-61
7.777799999999999,11.188888888888888,10.0,2.0315938153144842e-10
7.777799999999999,16.733333333333334,10.0,7.907558208230193e-25
7.777799999999999,22.27777777777778,10.0,1.451146004755842e-33
7.777799999999999,27.822222222222223,10.0,1.7920303226421035e-40
7.777799999999999,33.36666666666667,10.0,2.263058533339112e-46
7.777799999999999,38.91111111111111,10.0,1.3225723813847941e-51
7.777799999999999,44.455555555555556,10.0,2.3415553227597798e-56
7.777799999999999,50.0,10.0,9.700854550732623e-61
8.8889,5.644444444444444,0.1,5.42607063021667e-27
8.8889,11.188888888888888,0.1,6.18937082944261e-38
8.8889,16.733333333333334,0.1,2.7955720369969392e-46
8.8889,22.27777777777778,0.1,2.715120715320502e-53
8.8889,27.822222222222223,0.1,1.8547779022962741e-59
8.8889,33.36666666666667,0.1,5.040848471069953e-65
8.8889,38.91111111111111,0.1,3.890400528084232e-70
8.8889,44.455555555555556,0.1,6.849204443606138e-75
8.8889,50.0,0.1,2.363321284620081e-79
8.8889,5.644444444444444,1.2000000000000002,2.588750155780007e-23
8.8889,11.188888888888888,1.2000000000000002,4.747873498829341e-35
8.8889,16.733333333333334,1.2000000000000002,9.857464507773126e-44
8.8889,22.27777777777778,1.2000000000000002,6.05856818465283e-51
8.8889,27.822222222222223,1.2000000000000002,3.034236747605651e-57
8.8889,33.36666666666667,1.2000000000000002,6.562317040478165e-63
8.8889,38.91111111111111,1.2000000000000002,4.242256726157293e-68
8.8889,44.455555555555556,1.2000000000000002,6.475791621160582e-73
8.8889,50.0,1.2000000000000002,1.9856623286002106e-77
8.8889,5.644444444444444,2.3000000000000003,4.457956169766464e-20
8.8889,11.188888888888888,2.3000000000000003,7.364735554815599e-33
8.8889,16.733333333333334,2.3000000000000003,6.267396693152814e-42
8.8889,22.27777777777778,2.3000000000000003,2.331501001179044e-49
8.8889,27.822222222222223,2.3000000000000003,8.368825251616288e-56
8.8889,33.36666666666667,2.3000000000000003,1.4212851990578367e-61
8.8889,38.91111111111111,2.3000000000000003,7.630023500644e-67
8.8889,44.455555555555556,2.3000000000000003,1.0038888193040393e-71
8.8889,50.0,2.3000000000000003,2.723662724866147e-76
8.8889,5.644444444444444,3.4000000000000004,2.1503639513417986e-16
8.8889,11.188888888888888,3.4000000000000004,1.1718444422190003e-30
8.8889,16.733333333333334,3.4000000000000004,3.5236208095624256e-40
8.8889,22.27777777777778,3.4000000000000004,7.52436852819633e-48
8.8889,27.822222222222223,3.4000000000000004,1.8864510420079843e-54
8.8889,33.36666666666667,3.4000000000000004,2.4788066394236905e-60
8.8889,38.91111111111111,3.4000000000000004,1.0947240007699564e-65
8.8889,44.455555555555556,3.4000000000000004,1.2335017975869873e-70
8.8889,50.0,3.4000000000000004,2.947544491396974e-75
8.8889,5.644444444444444,4.5,1.0933041619467645e-11
8.8889,11.188888888888888,4.5,2.3713787321729706e-28
8.8889,16.733333333333334,4.5,2.071265425790163e-38
8.8889,22.27777777777778,4.5,2.382875941508722e-46
8.8889,27.822222222222223,4.5,4.05146099254105e-53
8.8889,33.36666666666667,4.5,4.051665709733121e-59
8.8889,38.91111111111111,4.5,1.4569488589859439e-64
8.8889,44.455555555555556,4.5,1.3961927999695793e-69
8.8889,50.0,4.5,2.9240078659696783e-74
8.8889,5.644444444444444,5.6,0.026176824497906457
8.8889,11.188888888888888,5.6,7.033031441780782e-26
8.8889,16.733333333333334,5.6,1.3670325679478225e-36
8.8889,22.27777777777778,5.6,7.847614172376998e-45
8.8889,27.822222222222223,5.6,8.747114893231281e-52
8.8889,33.36666666666667,5.6,6.536209560664577e-58
8.8889,38.91111111111111,5.6,1.8923070959247195e-63
8.8889,44.455555555555556,5.6,1.530757978608101e-68
8.8889,50.0,5.6,2.794873939117453e-73
8.8889,11.188888888888888,6.7,3.5970347867170705e-23
8.8889,16.733333333333334,6.7,1.0649255776446258e-34
8.8889,22.27777777777778,6.7,2.7772651146447844e-43
8.8889,27.822222222222223,6.7,1.95144034152079e-50
8.8889,33.36666666666667,6.7,1.0673680054953853e-56
8.8889,38.91111111111111,6.7,2.4573333873977068e-62
8.8889,44.455555555555556,6.7,1.6644597198449518e-67
8.8889,50.0,6.7,2.634502745097695e-72
8.8889,11.188888888888888,7.800000000000001,4.054104543456299e-20
8.8889,16.733333333333334,7.800000000000001,1.0266072346532243e-32
8.8889,22.27777777777778,7.800000000000001,1.082217789117967e-41
8.8889,27.822222222222223,7.800000000000001,4.580044691384435e-49
8.8889,33.36666666666667,7.800000000000001,1.7917391068211403e-55
8.8889,38.91111111111111,7.800000000000001,3.235936835190446e-61
8.8889,44.455555555555556,7.800000000000001,1.8192318230769112e-66
8.8889,50.0,7.800000000000001,2.4811467932589303e-71
8.8889,11.188888888888888,8.9,1.5857076667988484e-16
8.8889,16.733333333333334,8.9,1.2921102765240042e-30
8.8889,22.27777777777778,8.9,4.745987995298643e-40
8.8889,27.822222222222223,8.9,1.1467190381802661e-47
8.8889,33.36666666666667,8.9,3.1257567977104776e-54
8.8889,38.91111111111111,8.9,4.362504368806763e-60
8.8889,44.455555555555556,8.9,2.0163142247177375e-65
8.8889,50.0,8.9,2.3541624833251127e-70
8.8889,11.188888888888888,10.0,6.6018405022711184e-12
8.8889,16.733333333333334,10.0,2.272263543876481e-28
8.8889,22.27777777777778,10.0,2.395247104233154e-38
8.8889,27.822222222222223,10.0,3.1008185948955113e-46
8.8889,33.36666666666667,10.0,5.717076263740385e-53
8.8889,38.91111111111111,10.0,6.064457442952199e-59
8.8889,44.455555555555556,10.0,2.2805354133661496e-64
8.8889,50.0,10.0,2.2635484333088962e-69
10.0,5.644444444444444,0.1,3.3169583969195506e-30
10.0,11.188888888888888,0.1,1.7649164350907626e-42
10.0,16.733333333333334,0.1,7.587528595492453e-52
10.0,22.27777777777778,0.1,1.0146080573014064e-59
10.0,27.822222222222223,0.1,1.208199622293872e-66
10.0,33.36666666666667,0.1,6.768106825735376e-73
10.0,38.91111111111111,0.1,1.2224276422985473e-78
10.0,44.455555555555556,0.1,5.569233372576706e-84
10.0,50.0,0.1,5.3986666463694744e-89
10.0,5.644444444444444,1.2000000000000002,3.43360292988504e-26
10.0,11.188888888888888,1.2000000000000002,2.3061496620846976e-39
10.0,16.733333333333334,1.2000000000000002,4.1171931861809644e-49
10.0,22.27777777777778,1.2000000000000002,3.283261464086007e-57
10.0,27.822222222222223,1.2000000000000002,2.753659758024724e-64
10.0,33.36666666666667,1.2000000000000002,1.1919655773548595e-70
10.0,38.91111111111111,1.2000000000000002,1.7627322622641462e-76
10.0,44.455555555555556,1.2000000000000002,6.837038286199912e-82
10.0,50.0,1.2000000000000002,5.801328435665636e-87
10.0,5.644444444444444,2.3000000000000003,1.4227761392590628e-22
10.0,11.188888888888888,2.3000000000000003,6.280349469982073e-37
10.0,16.733333333333334,2.3000000000000003,4.0915142657195877e-47
10.0,22.27777777777778,2.3000000000000003,1.850408039752083e-55
10.0,27.822222222222223,2.3000000000000003,1.0654832350469787e-62
10.0,33.36666666666667,2.3000000000000003,3.5107069850027137e-69
10.0,38.91111111111111,2.3000000000000003,4.209777290970216e-75
10.0,44.455555555555556,2.3000000000000003,1.3808044421569911e-80
10.0,50.0,2.3000000000000003,1.0205751329757005e-85
10.0,5.644444444444444,3.4000000000000004,1.939892528030576e-18
10.0,11.188888888888888,3.4000000000000004,1.8188168818622924e-34
10.0,16.733333333333334,3.4000000000000004,3.658389813891808e-45
10.0,22.27777777777778,3.4000000000000004,8.839474548726354e-54
10.0,27.822222222222223,3.4000000000000004,3.39432085294223e-61
10.0,33.36666666666667,3.4000000000000004,8.372364107036696e-68
10.0,38.91111111111111,3.4000000000000004,8.054637575394952e-74
10.0,44.455555555555556,3.4000000000000004,2.2180253700022964e-79
10.0,50.0,3.4000000000000004,1.4206106277541168e-84
10.0,5.644444444444444,4.5,3.7900975190183835e-13
10.0,11.188888888888888,4.5,7.000434082266163e-32
10.0,16.733333333333334,4.5,3.4876964023068534e-43
10.0,22.27777777777778,4.5,4.192000233265147e-52
10.0,27.822222222222223,4.5,1.0384061163800833e-59
10.0,33.36666666666667,4.5,1.8821274896504937e-66
10.0,38.91111111111111,4.5,1.435970091475443e-72
10.0,44.455555555555556,4.5,3.2939886028312046e-78
10.0,50.0,4.5,1.818085701317791e-83
10.0,5.644444444444444,5.6,0.013603375659459523
10.0,11.188888888888888,5.6,4.17390065285047e-29
10.0,16.733333333333334,5.6,3.8173110726969433e-41
10.0,22.27777777777778,5.6,2.0938017405518502e-50
10.0,27.822222222222223,5.6,3.2206004290025396e-58
10.0,33.36666666666667,5.6,4.201599124272213e-65
10.0,38.91111111111111,5.6,2.5101425982416247e-71
10.0,44.455555555555556,5.6,4.7562897949830125e-77
10.0,50.0,5.6,2.2488713984309696e-82
10.0,11.188888888888888,6.7,4.6158709504779365e-26
10.0,16.733333333333334,6.7,5.0596653324121584e-39
10.0,22.27777777777778,6.7,1.13962861531214e-48
10.0,27.822222222222223,6.7,1.0415687435395495e-56
10.0,33.36666666666667,6.7,9.556507381740922e-64
10.0,38.91111111111111,6.7,4.4088440197137945e-70
10.0,44.455555555555556,6.7,6.837938539196362e-76
10.0,50.0,6.7,2.7520949523690494e-81
10.0,11.188888888888888,7.800000000000001,1.2455631348680615e-22
10.0,16.733333333333334,7.800000000000001,8.552059721890797e-37
10.0,22.27777777777778,7.800000000000001,6.936402942413636e-47
10.0,27.822222222222223,7.800000000000001,3.578653577199001e-55
10.0,33.36666666666667,7.800000000000001,2.249862203673887e-62
10.0,38.91111111111111,7.800000000000001,7.893575742865028e-69
10.0,44.455555555555556,7.800000000000001,9.92225091077157e-75
10.0,50.0,7.800000000000001,3.376205685337033e-80
10.0,11.188888888888888,8.9,1.3656618368360135e-18
10.0,16.733333333333334,8.9,1.9559893596949324e-34
10.0,22.27777777777778,8.9,4.834239842200221e-45
10.0,27.822222222222223,8.9,1.32567446185001e-53
10.0,33.36666666666667,8.9,5.545338065620717e-61
10.0,38.91111111111111,8.9,1.4547985572372443e-67
10.0,44.455555555555556,8.9,1.4662618023763127e-73
10.0,50.0,8.9,4.1872695605171714e-79
10.0,11.188888888888888,10.0,2.1453253934775076e-13
10.0,16.733333333333334,10.0,6.529425995823e-32
10.0,22.27777777777778,10.0,3.953570951189442e-43
10.0,27.822222222222223,10.0,5.365464990722661e-52
10.0,33.36666666666667,10.0,1.4442826168176226e-59
10.0,38.91111111111111,10.0,2.780766073375241e-66
10.0,44.455555555555556,10.0,2.221105656170232e-72
10.0,50.0,10.0,5.281649655852446e-78
